[
    {
        "id": "1",
        "firstname": "Camilla",
        "lastname": "Donati",
        "email": "ridiculus.mus.Proin@Quisquepurus.co.uk",
        "phone": "(815) 195-5424",
        "favorite": "0"
    },
    {
        "id": "2",
        "firstname": "Erica",
        "lastname": "Ferraro",
        "email": "dui.quis@sollicitudinorcisem.com",
        "phone": "(574) 384-5826",
        "favorite": "0"
    },
    {
        "id": "3",
        "firstname": "Dario",
        "lastname": "Marchetti",
        "email": "pede.nec@lacusvestibulumlorem.edu",
        "phone": "(950) 737-5317",
        "favorite": "0"
    },
    {
        "id": "4",
        "firstname": "Camilla",
        "lastname": "Coppola",
        "email": "diam.eu@mauris.edu",
        "phone": "(671) 299-6391",
        "favorite": "0"
    },
    {
        "id": "5",
        "firstname": "Elisa",
        "lastname": "Gatti",
        "email": "arcu@Nulla.net",
        "phone": "(441) 370-5344",
        "favorite": "0"
    },
    {
        "id": "6",
        "firstname": "Francesco",
        "lastname": "Ferrari",
        "email": "ornare.libero.at@fermentumrisusat.edu",
        "phone": "(750) 440-7845",
        "favorite": "0"
    },
    {
        "id": "7",
        "firstname": "Giovanni",
        "lastname": "Mancini",
        "email": "vitae.mauris.sit@tellusnonmagna.com",
        "phone": "(579) 716-9757",
        "favorite": "0"
    },
    {
        "id": "8",
        "firstname": "Sara",
        "lastname": "Ferrante",
        "email": "adipiscing.lacus@ligula.net",
        "phone": "(530) 782-1007",
        "favorite": "0"
    },
    {
        "id": "9",
        "firstname": "Emanuele",
        "lastname": "Giordano",
        "email": "Fusce@erat.ca",
        "phone": "(533) 689-1586",
        "favorite": "0"
    },
    {
        "id": "10",
        "firstname": "Silvia",
        "lastname": "Marra",
        "email": "Aliquam.fringilla.cursus@arcuSed.co.uk",
        "phone": "(614) 609-1589",
        "favorite": "0"
    },
    {
        "id": "11",
        "firstname": "Erica",
        "lastname": "Villani",
        "email": "Etiam.ligula.tortor@montesnascetur.org",
        "phone": "(231) 520-9921",
        "favorite": "0"
    },
    {
        "id": "12",
        "firstname": "Simona",
        "lastname": "Piras",
        "email": "mauris@ipsumCurabiturconsequat.com",
        "phone": "(327) 108-4448",
        "favorite": "0"
    },
    {
        "id": "13",
        "firstname": "Alessio",
        "lastname": "Catalano",
        "email": "lectus.Nullam@bibendum.net",
        "phone": "(877) 777-0026",
        "favorite": "0"
    },
    {
        "id": "14",
        "firstname": "Ginevra",
        "lastname": "Montanari",
        "email": "quis@consequatpurus.edu",
        "phone": "(928) 549-9206",
        "favorite": "0"
    },
    {
        "id": "15",
        "firstname": "Nicola",
        "lastname": "Bellini",
        "email": "dolor@magnatellusfaucibus.edu",
        "phone": "(200) 882-6342",
        "favorite": "0"
    },
    {
        "id": "16",
        "firstname": "Noemi",
        "lastname": "Fontana",
        "email": "in.consequat@utnulla.com",
        "phone": "(489) 865-3158",
        "favorite": "0"
    },
    {
        "id": "17",
        "firstname": "Fabio",
        "lastname": "Palmieri",
        "email": "ut.nisi@scelerisque.co.uk",
        "phone": "(554) 778-9877",
        "favorite": "0"
    },
    {
        "id": "18",
        "firstname": "Monica",
        "lastname": "Castelli",
        "email": "auctor.quis.tristique@nisiCumsociis.edu",
        "phone": "(415) 659-4432",
        "favorite": "0"
    },
    {
        "id": "19",
        "firstname": "Lorenzo",
        "lastname": "Parisi",
        "email": "purus.in.molestie@ipsum.com",
        "phone": "(510) 233-4655",
        "favorite": "0"
    },
    {
        "id": "20",
        "firstname": "Gianpiero",
        "lastname": "Ruggeri",
        "email": "Suspendisse@nullaInteger.edu",
        "phone": "(428) 347-2676",
        "favorite": "0"
    },
    {
        "id": "21",
        "firstname": "Giada",
        "lastname": "Pellegrino",
        "email": "nisi.Cum.sociis@cursus.org",
        "phone": "(966) 923-6133",
        "favorite": "0"
    },
    {
        "id": "22",
        "firstname": "Domenico",
        "lastname": "Albanese",
        "email": "pede.Praesent.eu@sapiengravida.net",
        "phone": "(242) 608-7335",
        "favorite": "0"
    },
    {
        "id": "23",
        "firstname": "Cristiano",
        "lastname": "Ferri",
        "email": "dolor.Nulla@variusNam.com",
        "phone": "(532) 187-3507",
        "favorite": "0"
    },
    {
        "id": "24",
        "firstname": "Anna",
        "lastname": "Donati",
        "email": "pede@diam.co.uk",
        "phone": "(665) 699-6419",
        "favorite": "0"
    },
    {
        "id": "25",
        "firstname": "Arianna",
        "lastname": "Sala",
        "email": "molestie@egestasSedpharetra.edu",
        "phone": "(157) 654-3242",
        "favorite": "0"
    },
    {
        "id": "26",
        "firstname": "Silvia",
        "lastname": "Montanari",
        "email": "id.blandit@tempor.org",
        "phone": "(244) 414-7169",
        "favorite": "0"
    },
    {
        "id": "27",
        "firstname": "Cristina",
        "lastname": "Giordano",
        "email": "bibendum.sed@tincidunt.org",
        "phone": "(312) 242-3682",
        "favorite": "0"
    },
    {
        "id": "28",
        "firstname": "Paolo",
        "lastname": "Fumagalli",
        "email": "Ut@blanditviverra.ca",
        "phone": "(599) 732-5058",
        "favorite": "0"
    },
    {
        "id": "29",
        "firstname": "Alessio",
        "lastname": "Ceccarelli",
        "email": "arcu@In.co.uk",
        "phone": "(933) 478-3010",
        "favorite": "0"
    },
    {
        "id": "30",
        "firstname": "Matilde",
        "lastname": "Costantini",
        "email": "enim.Curabitur.massa@odioAliquam.ca",
        "phone": "(650) 173-3443",
        "favorite": "0"
    },
    {
        "id": "31",
        "firstname": "Luca",
        "lastname": "Marino",
        "email": "amet@arcu.co.uk",
        "phone": "(815) 924-6730",
        "favorite": "0"
    },
    {
        "id": "32",
        "firstname": "Antonio",
        "lastname": "Romeo",
        "email": "amet.ultricies@felisDonec.co.uk",
        "phone": "(823) 403-5040",
        "favorite": "0"
    },
    {
        "id": "33",
        "firstname": "Angela",
        "lastname": "Santoro",
        "email": "scelerisque@seddictumeleifend.com",
        "phone": "(560) 323-3311",
        "favorite": "0"
    },
    {
        "id": "34",
        "firstname": "Valerio",
        "lastname": "Valente",
        "email": "quis@urnaNuncquis.net",
        "phone": "(481) 200-1813",
        "favorite": "0"
    },
    {
        "id": "35",
        "firstname": "Federica",
        "lastname": "Rizzo",
        "email": "ac.mattis@duiaugueeu.co.uk",
        "phone": "(779) 319-6428",
        "favorite": "0"
    },
    {
        "id": "36",
        "firstname": "Alessio",
        "lastname": "Farina",
        "email": "ipsum.dolor.sit@Sed.co.uk",
        "phone": "(217) 426-6110",
        "favorite": "0"
    },
    {
        "id": "37",
        "firstname": "Daniele",
        "lastname": "Piras",
        "email": "fringilla@loremipsum.com",
        "phone": "(272) 462-7501",
        "favorite": "0"
    },
    {
        "id": "38",
        "firstname": "Luigi",
        "lastname": "Rizzi",
        "email": "penatibus.et.magnis@ascelerisquesed.org",
        "phone": "(736) 281-6354",
        "favorite": "0"
    },
    {
        "id": "39",
        "firstname": "Alberto",
        "lastname": "Catalano",
        "email": "natoque@nonluctussit.ca",
        "phone": "(924) 436-9002",
        "favorite": "0"
    },
    {
        "id": "40",
        "firstname": "Luigi",
        "lastname": "Mariani",
        "email": "parturient.montes.nascetur@Donec.edu",
        "phone": "(356) 747-2807",
        "favorite": "0"
    },
    {
        "id": "41",
        "firstname": "Sara",
        "lastname": "Ceccarelli",
        "email": "tempor.augue@dolordapibus.co.uk",
        "phone": "(238) 247-5724",
        "favorite": "0"
    },
    {
        "id": "42",
        "firstname": "Aurora",
        "lastname": "Farina",
        "email": "gravida.nunc@ante.com",
        "phone": "(863) 900-3146",
        "favorite": "0"
    },
    {
        "id": "43",
        "firstname": "Elisa",
        "lastname": "Monti",
        "email": "felis.Nulla.tempor@morbitristique.com",
        "phone": "(991) 862-1199",
        "favorite": "0"
    },
    {
        "id": "44",
        "firstname": "Samuele",
        "lastname": "Sala",
        "email": "parturient.montes@Morbi.co.uk",
        "phone": "(717) 381-6151",
        "favorite": "0"
    },
    {
        "id": "45",
        "firstname": "Emanuele",
        "lastname": "Fiore",
        "email": "nisl.Quisque.fringilla@dolorsit.org",
        "phone": "(272) 128-8329",
        "favorite": "0"
    },
    {
        "id": "46",
        "firstname": "Giovanni",
        "lastname": "Rinaldi",
        "email": "dolor.nonummy.ac@Nullafacilisi.net",
        "phone": "(731) 808-7684",
        "favorite": "0"
    },
    {
        "id": "47",
        "firstname": "Gianluca",
        "lastname": "De Simone",
        "email": "adipiscing.elit.Curabitur@CuraeDonec.net",
        "phone": "(443) 599-7477",
        "favorite": "0"
    },
    {
        "id": "48",
        "firstname": "Fabio",
        "lastname": "Mancini",
        "email": "purus.sapien@Maurisvelturpis.org",
        "phone": "(295) 764-9970",
        "favorite": "0"
    },
    {
        "id": "49",
        "firstname": "Alex",
        "lastname": "Gentile",
        "email": "dictum.cursus.Nunc@elitpretium.org",
        "phone": "(280) 312-2829",
        "favorite": "0"
    },
    {
        "id": "50",
        "firstname": "Viola",
        "lastname": "Conte",
        "email": "Sed.dictum@miac.org",
        "phone": "(971) 491-2667",
        "favorite": "0"
    },
    {
        "id": "51",
        "firstname": "Elena",
        "lastname": "Barone",
        "email": "bibendum.sed@Integerinmagna.com",
        "phone": "(279) 570-6383",
        "favorite": "0"
    }
]