{
    "rows": [
        {
            "id": "34",
            "firstname": "Valerio",
            "lastname": "Valente",
            "email": "quis@urnaNuncquis.net",
            "phone": "(481) 200-1813",
            "favorite": "0",
            "val": "12"
        },
        {
            "id": "35",
            "firstname": "Federica",
            "lastname": "Rizzo",
            "email": "ac.mattis@duiaugueeu.co.uk",
            "phone": "(779) 319-6428",
            "favorite": "0",
            "val": "12"
        },
        {
            "id": "36",
            "firstname": "Alessio",
            "lastname": "Farina",
            "email": "ipsum.dolor.sit@Sed.co.uk",
            "phone": "(217) 426-6110",
            "favorite": "0",
            "val": "12"
        },
        {
            "id": "39",
            "firstname": "Alberto",
            "lastname": "Catalano",
            "email": "natoque@nonluctussit.ca",
            "phone": "(924) 436-9002",
            "favorite": "0",
            "val": "12"
        },
        {
            "id": "40",
            "firstname": "Luigi",
            "lastname": "Mariani",
            "email": "parturient.montes.nascetur@Donec.edu",
            "phone": "(356) 747-2807",
            "favorite": "1",
            "val": "12"
        },
        {
            "id": "41",
            "firstname": "Sara",
            "lastname": "Ceccarelli",
            "email": "tempor.augue@dolordapibus.co.uk",
            "phone": "(238) 247-5724",
            "favorite": "1",
            "val": "12"
        },
        {
            "id": "42",
            "firstname": "Aurora",
            "lastname": "Farina",
            "email": "gravida.nunc@ante.com",
            "phone": "(863) 900-3146",
            "favorite": "0",
            "val": "12"
        },
        {
            "id": "43",
            "firstname": "Elisa",
            "lastname": "Monti",
            "email": "felis.Nulla.tempor@morbitristique.com",
            "phone": "(991) 862-1199",
            "favorite": "0",
            "val": "12"
        },
        {
            "id": "44",
            "firstname": "Samuele",
            "lastname": "Sala",
            "email": "parturient.montes@Morbi.co.uk",
            "phone": "(717) 381-6151",
            "favorite": "0",
            "val": "12"
        },
        {
            "id": "45",
            "firstname": "Emanuele",
            "lastname": "Fiore",
            "email": "nisl.Quisque.fringilla@dolorsit.org",
            "phone": "(272) 128-8329",
            "favorite": "0",
            "val": "12"
        },
        {
            "id": "46",
            "firstname": "Giovanni",
            "lastname": "Rinaldi",
            "email": "dolor.nonummy.ac@Nullafacilisi.net",
            "phone": "(731) 808-7684",
            "favorite": "0",
            "val": "12"
        },
        {
            "id": "48",
            "firstname": "Fabio",
            "lastname": "Mancini",
            "email": "purus.sapien@Maurisvelturpis.org",
            "phone": "(295) 764-9970",
            "favorite": "0",
            "val": "12"
        },
        {
            "id": "49",
            "firstname": "Alex",
            "lastname": "Gentile",
            "email": "dictum.cursus.Nunc@elitpretium.org",
            "phone": "(280) 312-2829",
            "favorite": "0",
            "val": "12"
        },
        {
            "id": "50",
            "firstname": "Viola",
            "lastname": "Conte",
            "email": "Sed.dictum@miac.org",
            "phone": "(971) 491-2667",
            "favorite": "0",
            "val": "12"
        },
        {
            "id": "51",
            "firstname": "Elena",
            "lastname": "Barone",
            "email": "bibendum.sed@Integerinmagna.com",
            "phone": "(279) 570-6383",
            "favorite": "0",
            "val": "12"
        },
        {
            "id": "59",
            "firstname": "dadds",
            "lastname": null,
            "email": "werwerwe@qqweqwe.com",
            "phone": null,
            "favorite": "0",
            "val": "0"
        }
    ],
    "total": 16
}